metric,AutoARIMA
mae,138.79124734243413
smape,0.25410645913124313
